cluster,n_samples,n_positive,positive_rate
0,73033,14291,0.19567866580860707
1,86967,1787,0.020548023963112446
